year,month,carrier,carrier_name,airport,airport_name,arr_flights,arr_del15,carrier_ct,weather_ct,nas_ct,security_ct,late_aircraft_ct,arr_cancelled,arr_diverted,arr_delay,carrier_delay,weather_delay,nas_delay,security_delay,late_aircraft_delay
2019,12,9E,Endeavor Air Inc.,RDU,"Raleigh/Durham, NC: Raleigh-Durham International",693.00,135.00,27.92,4.03,35.16,0.00,67.90,11.00,0.00,9794.00,2155.00,365.00,1555.00,0.00,5719.00
2019,12,AA,American Airlines Network,RDU,"Raleigh/Durham, NC: Raleigh-Durham International",984.00,151.00,54.01,3.42,33.06,0.00,60.51,0.00,2.00,9328.00,4009.00,148.00,1068.00,0.00,4103.00
2019,12,AS,Alaska Airlines Network,RDU,"Raleigh/Durham, NC: Raleigh-Durham International",31.00,8.00,1.98,1.00,4.28,0.00,0.74,0.00,0.00,455.00,222.00,28.00,185.00,0.00,20.00
2019,12,B6,JetBlue Airways,RDU,"Raleigh/Durham, NC: Raleigh-Durham International",269.00,91.00,46.09,0.91,20.94,0.00,23.06,4.00,1.00,8526.00,4023.00,281.00,1083.00,0.00,3139.00
2019,12,C5,"Commutair Aka Champlain Enterprises, Inc.",RDU,"Raleigh/Durham, NC: Raleigh-Durham International",25.00,12.00,1.21,1.12,6.59,0.00,3.08,0.00,0.00,882.00,157.00,184.00,254.00,0.00,287.00
2019,12,DL,Delta Air Lines Network,RDU,"Raleigh/Durham, NC: Raleigh-Durham International",816.00,124.00,49.81,5.65,20.43,0.00,48.11,0.00,1.00,7012.00,2770.00,417.00,856.00,0.00,2969.00
2019,12,EV,ExpressJet Airlines LLC,RDU,"Raleigh/Durham, NC: Raleigh-Durham International",30.00,4.00,1.00,0.04,0.16,0.00,2.81,0.00,0.00,185.00,40.00,4.00,3.00,0.00,138.00
2019,12,F9,Frontier Airlines,RDU,"Raleigh/Durham, NC: Raleigh-Durham International",199.00,32.00,14.08,0.72,8.40,0.00,8.79,1.00,0.00,1806.00,736.00,37.00,349.00,0.00,684.00
2019,12,G4,Allegiant Air,RDU,"Raleigh/Durham, NC: Raleigh-Durham International",22.00,4.00,1.68,1.00,0.05,0.00,1.27,0.00,0.00,190.00,106.00,44.00,3.00,0.00,37.00
2019,12,G7,GoJet Airlines LLC d/b/a United Express,RDU,"Raleigh/Durham, NC: Raleigh-Durham International",416.00,91.00,14.67,0.60,12.62,0.00,63.11,5.00,1.00,8241.00,1453.00,25.00,498.00,0.00,6265.00
2019,12,MQ,Envoy Air,RDU,"Raleigh/Durham, NC: Raleigh-Durham International",83.00,19.00,5.11,1.00,5.71,0.00,7.17,2.00,0.00,1098.00,447.00,20.00,207.00,0.00,424.00
2019,12,NK,Spirit Airlines,RDU,"Raleigh/Durham, NC: Raleigh-Durham International",168.00,41.00,9.43,0.09,13.09,2.28,16.12,3.00,0.00,2953.00,666.00,13.00,948.00,86.00,1240.00
2019,12,OH,PSA Airlines Inc.,RDU,"Raleigh/Durham, NC: Raleigh-Durham International",127.00,39.00,10.70,0.00,10.08,0.00,18.21,3.00,0.00,3061.00,1016.00,1.00,348.00,0.00,1696.00
2019,12,OO,SkyWest Airlines Inc.,RDU,"Raleigh/Durham, NC: Raleigh-Durham International",37.00,7.00,2.92,0.00,2.22,0.00,1.86,1.00,0.00,468.00,79.00,0.00,113.00,0.00,276.00
2019,12,UA,United Air Lines Network,RDU,"Raleigh/Durham, NC: Raleigh-Durham International",374.00,100.00,27.07,3.37,22.84,0.00,46.73,1.00,0.00,7203.00,1325.00,936.00,839.00,0.00,4103.00
2019,12,WN,Southwest Airlines,RDU,"Raleigh/Durham, NC: Raleigh-Durham International",1011.00,215.00,85.71,0.73,25.14,0.00,103.42,3.00,0.00,9957.00,3807.00,24.00,817.00,0.00,5309.00
2019,12,YV,Mesa Airlines Inc.,RDU,"Raleigh/Durham, NC: Raleigh-Durham International",63.00,15.00,8.00,0.00,3.00,0.00,4.00,0.00,0.00,1210.00,777.00,0.00,58.00,0.00,375.00
2019,12,YX,Republic Airline,RDU,"Raleigh/Durham, NC: Raleigh-Durham International",492.00,97.00,21.61,2.64,28.62,0.00,44.13,5.00,1.00,6878.00,1319.00,160.00,1322.00,0.00,4077.00
2019,12,ZW,Air Wisconsin Airlines Corp,RDU,"Raleigh/Durham, NC: Raleigh-Durham International",34.00,11.00,6.03,0.42,2.59,0.00,1.97,0.00,0.00,877.00,377.00,18.00,107.00,0.00,375.00
2019,11,9E,Endeavor Air Inc.,RDU,"Raleigh/Durham, NC: Raleigh-Durham International",699.00,55.00,16.39,0.00,12.97,0.00,25.64,0.00,0.00,2902.00,762.00,0.00,575.00,0.00,1565.00
2019,11,AA,American Airlines Network,RDU,"Raleigh/Durham, NC: Raleigh-Durham International",958.00,136.00,60.55,0.03,33.75,0.00,41.67,6.00,0.00,7331.00,3367.00,4.00,1137.00,0.00,2823.00
2019,11,AS,Alaska Airlines Network,RDU,"Raleigh/Durham, NC: Raleigh-Durham International",33.00,7.00,2.63,0.00,3.37,0.00,1.00,0.00,0.00,251.00,62.00,0.00,137.00,0.00,52.00
2019,11,B6,JetBlue Airways,RDU,"Raleigh/Durham, NC: Raleigh-Durham International",288.00,61.00,31.24,0.00,13.58,0.00,16.18,0.00,0.00,3124.00,1732.00,0.00,344.00,0.00,1048.00
2019,11,DL,Delta Air Lines Network,RDU,"Raleigh/Durham, NC: Raleigh-Durham International",855.00,83.00,30.57,0.28,25.30,0.00,26.85,0.00,0.00,4898.00,2174.00,50.00,1041.00,0.00,1633.00
2019,11,EV,ExpressJet Airlines LLC,RDU,"Raleigh/Durham, NC: Raleigh-Durham International",39.00,6.00,4.43,0.00,0.53,0.00,1.04,0.00,0.00,355.00,203.00,0.00,20.00,0.00,132.00
2019,11,F9,Frontier Airlines,RDU,"Raleigh/Durham, NC: Raleigh-Durham International",218.00,48.00,17.99,0.00,8.08,0.00,21.93,2.00,0.00,2777.00,840.00,0.00,254.00,0.00,1683.00
2019,11,G4,Allegiant Air,RDU,"Raleigh/Durham, NC: Raleigh-Durham International",14.00,2.00,1.46,0.00,0.00,0.00,0.54,0.00,0.00,66.00,40.00,0.00,0.00,0.00,26.00
2019,11,G7,GoJet Airlines LLC d/b/a United Express,RDU,"Raleigh/Durham, NC: Raleigh-Durham International",370.00,69.00,8.01,0.22,8.57,0.00,52.19,3.00,0.00,8926.00,1162.00,15.00,390.00,0.00,7359.00
2019,11,MQ,Envoy Air,RDU,"Raleigh/Durham, NC: Raleigh-Durham International",89.00,7.00,1.07,1.10,1.49,0.00,3.33,0.00,0.00,491.00,34.00,33.00,67.00,0.00,357.00
2019,11,NK,Spirit Airlines,RDU,"Raleigh/Durham, NC: Raleigh-Durham International",193.00,32.00,11.06,0.16,12.11,0.00,8.67,4.00,0.00,2241.00,1095.00,13.00,437.00,0.00,696.00
2019,11,OH,PSA Airlines Inc.,RDU,"Raleigh/Durham, NC: Raleigh-Durham International",124.00,19.00,5.86,0.00,5.78,0.00,7.36,1.00,0.00,886.00,217.00,0.00,150.00,0.00,519.00
2019,11,OO,SkyWest Airlines Inc.,RDU,"Raleigh/Durham, NC: Raleigh-Durham International",7.00,2.00,0.89,0.00,1.11,0.00,0.00,0.00,0.00,139.00,110.00,0.00,29.00,0.00,0.00
2019,11,UA,United Air Lines Network,RDU,"Raleigh/Durham, NC: Raleigh-Durham International",353.00,51.00,11.25,1.31,17.10,0.00,21.34,0.00,0.00,2962.00,960.00,74.00,554.00,0.00,1374.00
2019,11,WN,Southwest Airlines,RDU,"Raleigh/Durham, NC: Raleigh-Durham International",977.00,113.00,51.88,1.16,6.46,0.75,52.75,6.00,0.00,5360.00,2419.00,68.00,218.00,12.00,2643.00
2019,11,YV,Mesa Airlines Inc.,RDU,"Raleigh/Durham, NC: Raleigh-Durham International",97.00,12.00,5.00,0.00,1.00,0.00,6.00,0.00,0.00,870.00,322.00,0.00,50.00,0.00,498.00
2019,11,YX,Republic Airline,RDU,"Raleigh/Durham, NC: Raleigh-Durham International",519.00,64.00,13.23,0.30,21.38,0.00,29.10,2.00,0.00,3116.00,668.00,19.00,820.00,0.00,1609.00
2019,10,9E,Endeavor Air Inc.,RDU,"Raleigh/Durham, NC: Raleigh-Durham International",775.00,99.00,21.76,0.05,22.45,0.00,54.74,3.00,2.00,6203.00,1813.00,5.00,868.00,0.00,3517.00
2019,10,AA,American Airlines Network,RDU,"Raleigh/Durham, NC: Raleigh-Durham International",1058.00,177.00,60.08,3.99,43.68,0.17,69.09,10.00,4.00,10995.00,4257.00,309.00,1813.00,3.00,4613.00
2019,10,AS,Alaska Airlines Network,RDU,"Raleigh/Durham, NC: Raleigh-Durham International",61.00,10.00,3.38,0.00,6.62,0.00,0.00,0.00,0.00,461.00,188.00,0.00,273.00,0.00,0.00
2019,10,B6,JetBlue Airways,RDU,"Raleigh/Durham, NC: Raleigh-Durham International",327.00,62.00,32.24,0.00,12.84,0.66,16.27,2.00,1.00,4019.00,2367.00,0.00,488.00,21.00,1143.00
2019,10,DL,Delta Air Lines Network,RDU,"Raleigh/Durham, NC: Raleigh-Durham International",930.00,97.00,42.57,0.59,18.38,0.00,35.46,0.00,2.00,6093.00,2365.00,11.00,600.00,0.00,3117.00
2019,10,EV,ExpressJet Airlines LLC,RDU,"Raleigh/Durham, NC: Raleigh-Durham International",17.00,3.00,1.00,0.00,2.00,0.00,0.00,0.00,0.00,196.00,58.00,0.00,138.00,0.00,0.00
2019,10,F9,Frontier Airlines,RDU,"Raleigh/Durham, NC: Raleigh-Durham International",264.00,54.00,9.41,1.58,10.34,0.00,32.66,4.00,0.00,4247.00,554.00,83.00,621.00,0.00,2989.00
2019,10,G4,Allegiant Air,RDU,"Raleigh/Durham, NC: Raleigh-Durham International",8.00,1.00,0.00,0.00,0.06,0.00,0.94,0.00,0.00,33.00,0.00,0.00,2.00,0.00,31.00
2019,10,G7,GoJet Airlines LLC d/b/a United Express,RDU,"Raleigh/Durham, NC: Raleigh-Durham International",471.00,86.00,10.29,0.37,14.22,0.00,61.12,1.00,0.00,6548.00,1052.00,8.00,582.00,0.00,4906.00
2019,10,MQ,Envoy Air,RDU,"Raleigh/Durham, NC: Raleigh-Durham International",84.00,10.00,0.00,0.00,4.87,0.00,5.13,2.00,0.00,637.00,0.00,0.00,335.00,0.00,302.00
2019,10,NK,Spirit Airlines,RDU,"Raleigh/Durham, NC: Raleigh-Durham International",177.00,28.00,12.73,0.17,8.68,0.00,6.42,2.00,0.00,1664.00,733.00,16.00,538.00,0.00,377.00
2019,10,OH,PSA Airlines Inc.,RDU,"Raleigh/Durham, NC: Raleigh-Durham International",118.00,36.00,7.27,0.91,16.55,0.08,11.19,3.00,1.00,2070.00,579.00,41.00,448.00,8.00,994.00
2019,10,OO,SkyWest Airlines Inc.,RDU,"Raleigh/Durham, NC: Raleigh-Durham International",36.00,6.00,1.00,0.00,1.23,0.00,3.77,0.00,0.00,347.00,31.00,0.00,59.00,0.00,257.00
2019,10,UA,United Air Lines Network,RDU,"Raleigh/Durham, NC: Raleigh-Durham International",382.00,52.00,12.66,0.74,13.75,0.00,24.86,0.00,1.00,2997.00,701.00,62.00,514.00,0.00,1720.00
2019,10,WN,Southwest Airlines,RDU,"Raleigh/Durham, NC: Raleigh-Durham International",837.00,140.00,63.40,2.04,13.03,0.00,61.52,4.00,3.00,6669.00,2713.00,90.00,435.00,0.00,3431.00
2019,10,YV,Mesa Airlines Inc.,RDU,"Raleigh/Durham, NC: Raleigh-Durham International",51.00,9.00,4.00,0.00,2.00,0.00,3.00,1.00,0.00,1006.00,513.00,0.00,42.00,0.00,451.00
2019,10,YX,Republic Airline,RDU,"Raleigh/Durham, NC: Raleigh-Durham International",506.00,105.00,14.74,0.90,31.72,0.71,56.93,1.00,1.00,5636.00,805.00,45.00,1241.00,17.00,3528.00
2019,9,9E,Endeavor Air Inc.,RDU,"Raleigh/Durham, NC: Raleigh-Durham International",622.00,58.00,20.84,0.83,15.63,0.00,20.71,3.00,1.00,3774.00,1540.00,25.00,669.00,0.00,1540.00
2019,9,AA,American Airlines Network,RDU,"Raleigh/Durham, NC: Raleigh-Durham International",999.00,154.00,48.25,3.34,35.61,0.00,66.80,10.00,0.00,8062.00,2160.00,197.00,1170.00,0.00,4535.00
2019,9,AS,Alaska Airlines Network,RDU,"Raleigh/Durham, NC: Raleigh-Durham International",60.00,12.00,2.00,0.00,9.27,0.00,0.73,0.00,0.00,470.00,159.00,0.00,275.00,0.00,36.00
2019,9,B6,JetBlue Airways,RDU,"Raleigh/Durham, NC: Raleigh-Durham International",325.00,47.00,24.00,0.03,4.93,0.03,18.01,3.00,1.00,3391.00,1692.00,12.00,200.00,4.00,1483.00
2019,9,DL,Delta Air Lines Network,RDU,"Raleigh/Durham, NC: Raleigh-Durham International",859.00,72.00,32.02,4.60,21.45,0.00,13.93,6.00,0.00,3408.00,1826.00,180.00,621.00,0.00,781.00
2019,9,EV,ExpressJet Airlines LLC,RDU,"Raleigh/Durham, NC: Raleigh-Durham International",30.00,11.00,7.78,0.00,3.22,0.00,0.00,1.00,0.00,724.00,647.00,0.00,77.00,0.00,0.00
2019,9,F9,Frontier Airlines,RDU,"Raleigh/Durham, NC: Raleigh-Durham International",319.00,42.00,17.47,0.00,7.19,0.00,17.34,4.00,0.00,3112.00,1576.00,0.00,228.00,0.00,1308.00
2019,9,G7,GoJet Airlines LLC d/b/a United Express,RDU,"Raleigh/Durham, NC: Raleigh-Durham International",502.00,58.00,8.50,0.00,5.47,0.00,44.03,2.00,0.00,6516.00,793.00,0.00,615.00,0.00,5108.00
2019,9,MQ,Envoy Air,RDU,"Raleigh/Durham, NC: Raleigh-Durham International",86.00,11.00,1.41,0.06,3.95,0.00,5.58,3.00,0.00,591.00,72.00,7.00,123.00,0.00,389.00
2019,9,NK,Spirit Airlines,RDU,"Raleigh/Durham, NC: Raleigh-Durham International",188.00,27.00,9.27,1.22,11.19,0.00,5.31,11.00,0.00,1453.00,354.00,27.00,697.00,0.00,375.00
2019,9,OH,PSA Airlines Inc.,RDU,"Raleigh/Durham, NC: Raleigh-Durham International",122.00,35.00,12.51,0.00,4.49,0.00,18.00,0.00,0.00,2711.00,879.00,0.00,188.00,0.00,1644.00
2019,9,OO,SkyWest Airlines Inc.,RDU,"Raleigh/Durham, NC: Raleigh-Durham International",56.00,10.00,0.65,1.65,2.79,0.00,4.91,2.00,0.00,704.00,30.00,343.00,118.00,0.00,213.00
2019,9,UA,United Air Lines Network,RDU,"Raleigh/Durham, NC: Raleigh-Durham International",315.00,56.00,15.74,1.82,12.81,0.00,25.63,3.00,0.00,5065.00,1344.00,200.00,631.00,0.00,2890.00
2019,9,WN,Southwest Airlines,RDU,"Raleigh/Durham, NC: Raleigh-Durham International",831.00,67.00,36.57,1.81,5.93,1.00,21.69,11.00,1.00,3897.00,1902.00,81.00,165.00,35.00,1714.00
2019,9,YV,Mesa Airlines Inc.,RDU,"Raleigh/Durham, NC: Raleigh-Durham International",90.00,23.00,8.00,2.00,10.00,0.00,3.00,2.00,0.00,1677.00,636.00,530.00,268.00,0.00,243.00
2019,9,YX,Republic Airline,RDU,"Raleigh/Durham, NC: Raleigh-Durham International",469.00,64.00,9.53,1.70,24.91,0.17,27.69,2.00,0.00,3940.00,532.00,70.00,1153.00,24.00,2161.00
2019,8,DL,Delta Air Lines Network,RDU,"Raleigh/Durham, NC: Raleigh-Durham International",954.00,152.00,60.66,10.79,37.44,0.00,43.11,0.00,2.00,9083.00,3067.00,737.00,2452.00,0.00,2827.00
2019,8,EV,ExpressJet Airlines LLC,RDU,"Raleigh/Durham, NC: Raleigh-Durham International",11.00,4.00,1.00,0.00,3.00,0.00,0.00,0.00,0.00,1147.00,23.00,0.00,1124.00,0.00,0.00
2019,8,F9,Frontier Airlines,RDU,"Raleigh/Durham, NC: Raleigh-Durham International",372.00,85.00,22.47,0.03,25.82,0.00,36.67,4.00,1.00,5723.00,1258.00,1.00,1629.00,0.00,2835.00
2019,8,G4,Allegiant Air,RDU,"Raleigh/Durham, NC: Raleigh-Durham International",14.00,0.00,0.00,0.00,0.00,0.00,0.00,0.00,0.00,0.00,0.00,0.00,0.00,0.00,0.00
2019,8,G7,GoJet Airlines LLC d/b/a United Express,RDU,"Raleigh/Durham, NC: Raleigh-Durham International",648.00,143.00,17.20,2.34,22.25,0.00,101.21,15.00,1.00,16289.00,1651.00,185.00,1410.00,0.00,13043.00
2019,8,MQ,Envoy Air,RDU,"Raleigh/Durham, NC: Raleigh-Durham International",90.00,18.00,3.58,0.04,6.31,0.00,8.07,14.00,0.00,961.00,153.00,6.00,353.00,0.00,449.00
2019,8,NK,Spirit Airlines,RDU,"Raleigh/Durham, NC: Raleigh-Durham International",232.00,86.00,26.56,4.73,32.60,1.49,20.62,18.00,1.00,6218.00,2036.00,239.00,2160.00,155.00,1628.00
2019,8,OH,PSA Airlines Inc.,RDU,"Raleigh/Durham, NC: Raleigh-Durham International",203.00,67.00,19.09,1.82,12.37,0.00,33.73,12.00,0.00,5061.00,1202.00,112.00,639.00,0.00,3108.00
2019,8,OO,SkyWest Airlines Inc.,RDU,"Raleigh/Durham, NC: Raleigh-Durham International",28.00,8.00,1.22,2.00,0.63,0.00,4.15,0.00,0.00,538.00,118.00,163.00,24.00,0.00,233.00
2019,8,UA,United Air Lines Network,RDU,"Raleigh/Durham, NC: Raleigh-Durham International",322.00,84.00,18.29,1.35,19.53,0.00,44.83,3.00,2.00,6905.00,1264.00,139.00,926.00,0.00,4576.00
2019,8,WN,Southwest Airlines,RDU,"Raleigh/Durham, NC: Raleigh-Durham International",915.00,174.00,64.46,7.85,27.21,0.00,74.48,9.00,3.00,9769.00,2856.00,671.00,1405.00,0.00,4837.00
2019,8,YV,Mesa Airlines Inc.,RDU,"Raleigh/Durham, NC: Raleigh-Durham International",143.00,35.00,9.00,5.00,8.00,1.00,12.00,1.00,2.00,3455.00,901.00,461.00,976.00,44.00,1073.00
2019,8,YX,Republic Airline,RDU,"Raleigh/Durham, NC: Raleigh-Durham International",501.00,115.00,22.55,5.40,56.57,0.00,30.48,26.00,5.00,8858.00,1480.00,860.00,3364.00,0.00,3154.00
2019,8,9E,Endeavor Air Inc.,RDU,"Raleigh/Durham, NC: Raleigh-Durham International",563.00,102.00,22.90,3.35,28.98,0.00,46.77,27.00,1.00,8069.00,2082.00,342.00,1728.00,0.00,3917.00
2019,8,AA,American Airlines Network,RDU,"Raleigh/Durham, NC: Raleigh-Durham International",997.00,285.00,82.98,13.08,85.95,1.33,101.67,27.00,4.00,20577.00,5599.00,1083.00,4793.00,36.00,9066.00
2019,8,AS,Alaska Airlines Network,RDU,"Raleigh/Durham, NC: Raleigh-Durham International",62.00,14.00,0.78,0.91,6.78,0.00,5.53,0.00,1.00,593.00,19.00,39.00,224.00,0.00,311.00
2019,8,B6,JetBlue Airways,RDU,"Raleigh/Durham, NC: Raleigh-Durham International",310.00,111.00,43.86,4.36,29.42,0.00,33.36,3.00,2.00,8632.00,3401.00,419.00,1754.00,0.00,3058.00
2019,7,9E,Endeavor Air Inc.,RDU,"Raleigh/Durham, NC: Raleigh-Durham International",512.00,91.00,17.47,1.94,24.37,0.76,46.46,25.00,1.00,8245.00,1187.00,72.00,2160.00,99.00,4727.00
2019,7,AA,American Airlines Network,RDU,"Raleigh/Durham, NC: Raleigh-Durham International",965.00,278.00,91.69,17.98,77.42,0.30,90.61,42.00,2.00,17638.00,5173.00,1349.00,3121.00,17.00,7978.00
2019,7,AS,Alaska Airlines Network,RDU,"Raleigh/Durham, NC: Raleigh-Durham International",62.00,10.00,1.98,0.00,4.02,0.00,4.00,0.00,0.00,515.00,181.00,0.00,116.00,0.00,218.00
2019,7,AX,Trans States Airlines,RDU,"Raleigh/Durham, NC: Raleigh-Durham International",4.00,1.00,1.00,0.00,0.00,0.00,0.00,0.00,0.00,78.00,78.00,0.00,0.00,0.00,0.00
2019,7,B6,JetBlue Airways,RDU,"Raleigh/Durham, NC: Raleigh-Durham International",310.00,90.00,43.23,1.61,15.14,0.17,29.85,6.00,0.00,7764.00,3435.00,309.00,826.00,15.00,3179.00
2019,7,DL,Delta Air Lines Network,RDU,"Raleigh/Durham, NC: Raleigh-Durham International",932.00,173.00,65.91,13.53,37.01,0.00,56.55,1.00,2.00,10557.00,4398.00,1041.00,1408.00,0.00,3710.00
2019,7,F9,Frontier Airlines,RDU,"Raleigh/Durham, NC: Raleigh-Durham International",382.00,124.00,43.15,0.15,34.67,0.00,46.02,7.00,0.00,8351.00,2591.00,7.00,1539.00,0.00,4214.00
2019,7,G4,Allegiant Air,RDU,"Raleigh/Durham, NC: Raleigh-Durham International",27.00,4.00,1.69,0.31,0.66,0.00,1.34,1.00,0.00,325.00,207.00,15.00,32.00,0.00,71.00
2019,7,G7,GoJet Airlines LLC d/b/a United Express,RDU,"Raleigh/Durham, NC: Raleigh-Durham International",603.00,129.00,11.73,3.94,27.27,0.00,86.07,22.00,3.00,10431.00,1079.00,179.00,1756.00,0.00,7417.00
2019,7,MQ,Envoy Air,RDU,"Raleigh/Durham, NC: Raleigh-Durham International",90.00,20.00,2.84,0.18,6.89,0.00,10.10,16.00,0.00,1413.00,90.00,20.00,414.00,0.00,889.00
2019,7,NK,Spirit Airlines,RDU,"Raleigh/Durham, NC: Raleigh-Durham International",234.00,61.00,13.44,6.74,22.98,0.11,17.74,10.00,0.00,5171.00,1315.00,482.00,1203.00,6.00,2165.00
2019,7,OH,PSA Airlines Inc.,RDU,"Raleigh/Durham, NC: Raleigh-Durham International",200.00,54.00,7.44,1.62,9.53,0.00,35.41,14.00,0.00,5543.00,501.00,92.00,730.00,0.00,4220.00
2019,7,OO,SkyWest Airlines Inc.,RDU,"Raleigh/Durham, NC: Raleigh-Durham International",4.00,1.00,0.13,0.00,0.88,0.00,0.00,0.00,0.00,16.00,2.00,0.00,14.00,0.00,0.00
2019,7,UA,United Air Lines Network,RDU,"Raleigh/Durham, NC: Raleigh-Durham International",382.00,96.00,24.22,8.36,22.83,0.00,40.58,2.00,2.00,7241.00,1597.00,1186.00,1025.00,0.00,3433.00
2019,7,WN,Southwest Airlines,RDU,"Raleigh/Durham, NC: Raleigh-Durham International",1008.00,213.00,89.59,6.38,32.61,1.00,83.42,11.00,1.00,11932.00,4752.00,464.00,1164.00,33.00,5519.00
2019,7,YV,Mesa Airlines Inc.,RDU,"Raleigh/Durham, NC: Raleigh-Durham International",94.00,19.00,9.00,3.00,3.00,0.00,4.00,0.00,0.00,1666.00,826.00,145.00,194.00,0.00,501.00
2019,7,YX,Republic Airline,RDU,"Raleigh/Durham, NC: Raleigh-Durham International",510.00,86.00,17.89,3.40,40.28,0.00,24.43,16.00,0.00,6518.00,1927.00,195.00,2328.00,0.00,2068.00
2019,6,9E,Endeavor Air Inc.,RDU,"Raleigh/Durham, NC: Raleigh-Durham International",540.00,132.00,20.93,7.19,29.42,0.00,74.46,14.00,4.00,14042.00,2327.00,1097.00,2134.00,0.00,8484.00
2019,6,AA,American Airlines Network,RDU,"Raleigh/Durham, NC: Raleigh-Durham International",891.00,271.00,90.97,8.47,71.32,0.20,100.04,25.00,5.00,19276.00,6878.00,985.00,3259.00,9.00,8145.00
2019,6,AS,Alaska Airlines Network,RDU,"Raleigh/Durham, NC: Raleigh-Durham International",60.00,14.00,5.30,0.00,5.16,0.00,3.53,1.00,0.00,649.00,301.00,0.00,147.00,0.00,201.00
2019,6,AX,Trans States Airlines,RDU,"Raleigh/Durham, NC: Raleigh-Durham International",4.00,0.00,0.00,0.00,0.00,0.00,0.00,0.00,0.00,0.00,0.00,0.00,0.00,0.00,0.00
2019,6,B6,JetBlue Airways,RDU,"Raleigh/Durham, NC: Raleigh-Durham International",296.00,89.00,35.58,2.60,26.88,0.00,23.93,0.00,3.00,7286.00,3035.00,743.00,1280.00,0.00,2228.00
2019,6,DL,Delta Air Lines Network,RDU,"Raleigh/Durham, NC: Raleigh-Durham International",910.00,155.00,58.69,6.43,36.65,0.00,53.23,2.00,1.00,10444.00,4006.00,557.00,1550.00,0.00,4331.00
2019,6,F9,Frontier Airlines,RDU,"Raleigh/Durham, NC: Raleigh-Durham International",369.00,109.00,21.29,2.06,39.04,0.00,46.62,7.00,1.00,7600.00,1811.00,150.00,1945.00,0.00,3694.00
2019,6,G4,Allegiant Air,RDU,"Raleigh/Durham, NC: Raleigh-Durham International",24.00,13.00,3.47,2.00,1.22,0.00,6.31,1.00,0.00,1038.00,145.00,109.00,72.00,0.00,712.00
2019,6,G7,GoJet Airlines LLC d/b/a United Express,RDU,"Raleigh/Durham, NC: Raleigh-Durham International",611.00,217.00,31.36,3.50,28.59,0.00,153.56,5.00,3.00,27289.00,5755.00,454.00,2522.00,0.00,18558.00
2019,6,MQ,Envoy Air,RDU,"Raleigh/Durham, NC: Raleigh-Durham International",85.00,17.00,4.34,0.27,6.91,0.00,5.48,7.00,0.00,1667.00,842.00,11.00,335.00,0.00,479.00
2019,6,NK,Spirit Airlines,RDU,"Raleigh/Durham, NC: Raleigh-Durham International",240.00,106.00,9.61,7.88,55.93,0.67,31.91,2.00,0.00,7800.00,772.00,652.00,3535.00,28.00,2813.00
2019,6,OH,PSA Airlines Inc.,RDU,"Raleigh/Durham, NC: Raleigh-Durham International",163.00,49.00,14.02,3.85,19.74,0.00,11.40,4.00,0.00,3683.00,893.00,513.00,993.00,0.00,1284.00
2019,6,OO,SkyWest Airlines Inc.,RDU,"Raleigh/Durham, NC: Raleigh-Durham International",8.00,1.00,0.00,0.00,0.30,0.00,0.70,0.00,0.00,92.00,0.00,0.00,28.00,0.00,64.00
2019,6,UA,United Air Lines Network,RDU,"Raleigh/Durham, NC: Raleigh-Durham International",357.00,110.00,25.25,5.94,22.01,0.00,56.80,0.00,2.00,7272.00,1569.00,513.00,1107.00,0.00,4083.00
2019,6,WN,Southwest Airlines,RDU,"Raleigh/Durham, NC: Raleigh-Durham International",966.00,221.00,81.07,5.98,30.82,0.00,103.13,13.00,1.00,12663.00,4302.00,479.00,1293.00,0.00,6589.00
2019,6,YV,Mesa Airlines Inc.,RDU,"Raleigh/Durham, NC: Raleigh-Durham International",85.00,20.00,8.00,1.00,6.00,0.00,5.00,5.00,0.00,1659.00,963.00,64.00,178.00,0.00,454.00
2019,6,YX,Republic Airline,RDU,"Raleigh/Durham, NC: Raleigh-Durham International",605.00,142.00,26.13,6.15,56.86,0.00,52.86,19.00,2.00,9359.00,1398.00,531.00,3220.00,0.00,4210.00
2019,5,9E,Endeavor Air Inc.,RDU,"Raleigh/Durham, NC: Raleigh-Durham International",559.00,90.00,11.88,2.33,33.05,0.00,42.74,6.00,0.00,6797.00,1477.00,226.00,1854.00,0.00,3240.00
2019,5,AA,American Airlines Network,RDU,"Raleigh/Durham, NC: Raleigh-Durham International",976.00,270.00,104.41,8.54,52.28,0.00,104.77,38.00,1.00,16935.00,5542.00,714.00,2139.00,0.00,8540.00
2019,5,AS,Alaska Airlines Network,RDU,"Raleigh/Durham, NC: Raleigh-Durham International",62.00,8.00,3.86,0.00,3.69,0.00,0.45,0.00,0.00,395.00,255.00,0.00,120.00,0.00,20.00
2019,5,B6,JetBlue Airways,RDU,"Raleigh/Durham, NC: Raleigh-Durham International",301.00,60.00,23.74,0.97,16.92,0.00,18.37,3.00,0.00,3275.00,1247.00,30.00,864.00,0.00,1134.00
2019,5,DL,Delta Air Lines Network,RDU,"Raleigh/Durham, NC: Raleigh-Durham International",856.00,79.00,34.68,0.74,21.19,0.00,22.39,0.00,0.00,4518.00,2107.00,61.00,829.00,0.00,1521.00
2019,5,F9,Frontier Airlines,RDU,"Raleigh/Durham, NC: Raleigh-Durham International",372.00,92.00,17.52,1.97,27.24,0.00,45.27,3.00,0.00,5550.00,900.00,266.00,1314.00,0.00,3070.00
2019,5,G4,Allegiant Air,RDU,"Raleigh/Durham, NC: Raleigh-Durham International",31.00,4.00,1.31,0.07,0.15,0.00,2.47,0.00,0.00,482.00,386.00,2.00,5.00,0.00,89.00
2019,5,G7,GoJet Airlines LLC d/b/a United Express,RDU,"Raleigh/Durham, NC: Raleigh-Durham International",571.00,155.00,21.94,1.59,27.02,0.00,104.45,3.00,1.00,17729.00,3397.00,88.00,2122.00,0.00,12122.00
2019,5,MQ,Envoy Air,RDU,"Raleigh/Durham, NC: Raleigh-Durham International",101.00,22.00,1.30,2.86,7.68,0.00,10.16,3.00,0.00,1413.00,290.00,231.00,300.00,0.00,592.00
2019,5,NK,Spirit Airlines,RDU,"Raleigh/Durham, NC: Raleigh-Durham International",219.00,74.00,8.69,3.58,41.66,0.00,20.07,4.00,0.00,4841.00,620.00,216.00,2492.00,0.00,1513.00
2019,5,OH,PSA Airlines Inc.,RDU,"Raleigh/Durham, NC: Raleigh-Durham International",181.00,47.00,10.66,2.05,12.92,0.00,21.37,6.00,0.00,2938.00,574.00,240.00,709.00,0.00,1415.00
2019,5,OO,SkyWest Airlines Inc.,RDU,"Raleigh/Durham, NC: Raleigh-Durham International",22.00,1.00,0.00,0.90,0.00,0.00,0.10,0.00,0.00,98.00,0.00,88.00,0.00,0.00,10.00
2019,5,UA,United Air Lines Network,RDU,"Raleigh/Durham, NC: Raleigh-Durham International",451.00,127.00,30.55,8.64,26.70,0.00,61.11,5.00,0.00,11317.00,2265.00,1278.00,1291.00,0.00,6483.00
2019,5,WN,Southwest Airlines,RDU,"Raleigh/Durham, NC: Raleigh-Durham International",955.00,191.00,85.46,8.78,17.56,1.00,78.20,24.00,1.00,10860.00,4719.00,790.00,804.00,153.00,4394.00
2019,5,YV,Mesa Airlines Inc.,RDU,"Raleigh/Durham, NC: Raleigh-Durham International",51.00,13.00,8.00,1.00,1.00,0.00,3.00,1.00,0.00,1654.00,1279.00,38.00,34.00,0.00,303.00
2019,5,YX,Republic Airline,RDU,"Raleigh/Durham, NC: Raleigh-Durham International",552.00,112.00,19.16,3.35,42.93,0.00,46.56,10.00,0.00,7660.00,1337.00,414.00,2738.00,0.00,3171.00
2019,4,9E,Endeavor Air Inc.,RDU,"Raleigh/Durham, NC: Raleigh-Durham International",601.00,106.00,26.16,1.28,26.31,0.00,52.26,15.00,1.00,8422.00,1849.00,44.00,1801.00,0.00,4728.00
2019,4,AA,American Airlines Network,RDU,"Raleigh/Durham, NC: Raleigh-Durham International",750.00,171.00,63.38,7.97,47.32,0.00,52.34,28.00,1.00,10961.00,3979.00,573.00,1891.00,0.00,4518.00
2019,4,AS,Alaska Airlines Network,RDU,"Raleigh/Durham, NC: Raleigh-Durham International",60.00,9.00,4.77,0.00,4.23,0.00,0.00,1.00,0.00,652.00,478.00,0.00,174.00,0.00,0.00
2019,4,B6,JetBlue Airways,RDU,"Raleigh/Durham, NC: Raleigh-Durham International",288.00,72.00,35.63,0.74,10.13,0.00,25.50,7.00,1.00,6148.00,2964.00,356.00,549.00,0.00,2279.00
2019,4,DL,Delta Air Lines Network,RDU,"Raleigh/Durham, NC: Raleigh-Durham International",799.00,93.00,46.65,5.16,14.92,0.00,26.27,4.00,3.00,5855.00,2445.00,890.00,588.00,0.00,1932.00
2019,4,EV,ExpressJet Airlines LLC,RDU,"Raleigh/Durham, NC: Raleigh-Durham International",8.00,1.00,0.00,0.00,1.00,0.00,0.00,0.00,0.00,15.00,0.00,0.00,15.00,0.00,0.00
2019,4,F9,Frontier Airlines,RDU,"Raleigh/Durham, NC: Raleigh-Durham International",177.00,43.00,12.04,0.24,14.49,0.00,16.23,0.00,0.00,2694.00,797.00,18.00,675.00,0.00,1204.00
2019,4,G4,Allegiant Air,RDU,"Raleigh/Durham, NC: Raleigh-Durham International",38.00,6.00,3.93,0.59,1.01,0.00,0.47,0.00,0.00,950.00,826.00,71.00,20.00,0.00,33.00
2019,4,G7,GoJet Airlines LLC d/b/a United Express,RDU,"Raleigh/Durham, NC: Raleigh-Durham International",442.00,98.00,14.32,1.95,23.93,0.00,57.80,5.00,1.00,7263.00,2228.00,155.00,1090.00,0.00,3790.00
2019,4,MQ,Envoy Air,RDU,"Raleigh/Durham, NC: Raleigh-Durham International",262.00,48.00,11.80,2.00,13.34,0.00,20.86,6.00,0.00,3451.00,739.00,122.00,638.00,0.00,1952.00
2019,4,OH,PSA Airlines Inc.,RDU,"Raleigh/Durham, NC: Raleigh-Durham International",158.00,48.00,12.55,1.64,11.82,0.00,21.99,2.00,0.00,3663.00,940.00,197.00,376.00,0.00,2150.00
2019,4,OO,SkyWest Airlines Inc.,RDU,"Raleigh/Durham, NC: Raleigh-Durham International",62.00,8.00,1.41,0.50,2.91,0.00,3.19,1.00,0.00,464.00,112.00,45.00,115.00,0.00,192.00
2019,4,UA,United Air Lines Network,RDU,"Raleigh/Durham, NC: Raleigh-Durham International",407.00,82.00,17.50,2.10,19.40,0.00,43.00,3.00,4.00,4912.00,877.00,125.00,738.00,0.00,3172.00
2019,4,WN,Southwest Airlines,RDU,"Raleigh/Durham, NC: Raleigh-Durham International",914.00,177.00,69.36,2.88,23.41,1.49,79.87,18.00,3.00,9474.00,3439.00,346.00,1149.00,70.00,4470.00
2019,4,YV,Mesa Airlines Inc.,RDU,"Raleigh/Durham, NC: Raleigh-Durham International",67.00,13.00,4.00,1.00,1.00,0.00,7.00,0.00,0.00,1354.00,219.00,182.00,16.00,0.00,937.00
2019,4,YX,Republic Airline,RDU,"Raleigh/Durham, NC: Raleigh-Durham International",661.00,135.00,32.19,0.54,40.40,0.00,61.87,20.00,1.00,8017.00,2131.00,35.00,1631.00,0.00,4220.00
2019,3,UA,United Air Lines Network,RDU,"Raleigh/Durham, NC: Raleigh-Durham International",326.00,72.00,17.81,1.95,9.15,0.00,43.09,2.00,0.00,5481.00,1419.00,243.00,402.00,0.00,3417.00
2019,3,WN,Southwest Airlines,RDU,"Raleigh/Durham, NC: Raleigh-Durham International",865.00,143.00,65.93,0.85,8.83,1.00,66.39,15.00,0.00,7466.00,3879.00,17.00,309.00,37.00,3224.00
2019,3,YV,Mesa Airlines Inc.,RDU,"Raleigh/Durham, NC: Raleigh-Durham International",99.00,9.00,4.00,3.00,2.00,0.00,0.00,0.00,0.00,414.00,213.00,126.00,75.00,0.00,0.00
2019,3,YX,Republic Airline,RDU,"Raleigh/Durham, NC: Raleigh-Durham International",511.00,79.00,19.31,2.41,27.71,0.53,29.04,4.00,0.00,4512.00,1188.00,182.00,1075.00,8.00,2059.00
2019,3,9E,Endeavor Air Inc.,RDU,"Raleigh/Durham, NC: Raleigh-Durham International",614.00,105.00,23.75,2.64,31.76,0.00,46.85,10.00,0.00,7147.00,1735.00,243.00,1258.00,0.00,3911.00
2019,3,AA,American Airlines Network,RDU,"Raleigh/Durham, NC: Raleigh-Durham International",808.00,149.00,52.79,3.32,27.09,0.06,65.74,24.00,2.00,8906.00,2830.00,519.00,1016.00,3.00,4538.00
2019,3,AS,Alaska Airlines Network,RDU,"Raleigh/Durham, NC: Raleigh-Durham International",62.00,19.00,4.40,0.98,13.62,0.00,0.00,1.00,0.00,655.00,207.00,82.00,366.00,0.00,0.00
2019,3,AX,Trans States Airlines,RDU,"Raleigh/Durham, NC: Raleigh-Durham International",1.00,0.00,0.00,0.00,0.00,0.00,0.00,0.00,0.00,0.00,0.00,0.00,0.00,0.00,0.00
2019,3,B6,JetBlue Airways,RDU,"Raleigh/Durham, NC: Raleigh-Durham International",295.00,67.00,30.12,0.17,12.17,0.00,24.54,8.00,0.00,5980.00,2497.00,11.00,592.00,0.00,2880.00
2019,3,DL,Delta Air Lines Network,RDU,"Raleigh/Durham, NC: Raleigh-Durham International",811.00,73.00,31.85,1.48,16.65,1.00,22.02,0.00,1.00,4155.00,2144.00,42.00,504.00,23.00,1442.00
2019,3,EV,ExpressJet Airlines Inc.,RDU,"Raleigh/Durham, NC: Raleigh-Durham International",6.00,1.00,0.94,0.00,0.06,0.00,0.00,0.00,0.00,106.00,100.00,0.00,6.00,0.00,0.00
2019,3,F9,Frontier Airlines,RDU,"Raleigh/Durham, NC: Raleigh-Durham International",173.00,23.00,6.62,0.00,6.32,0.00,10.05,1.00,0.00,1690.00,668.00,0.00,150.00,0.00,872.00
2019,3,G4,Allegiant Air,RDU,"Raleigh/Durham, NC: Raleigh-Durham International",45.00,11.00,1.47,0.64,4.26,0.16,4.47,0.00,0.00,474.00,29.00,25.00,127.00,4.00,289.00
2019,3,G7,GoJet Airlines LLC d/b/a United Express,RDU,"Raleigh/Durham, NC: Raleigh-Durham International",505.00,115.00,26.01,0.17,23.65,0.00,65.17,1.00,0.00,11731.00,2861.00,10.00,914.00,0.00,7946.00
2019,3,MQ,Envoy Air,RDU,"Raleigh/Durham, NC: Raleigh-Durham International",300.00,61.00,13.86,1.62,23.59,0.00,21.93,5.00,0.00,3931.00,888.00,213.00,1508.00,0.00,1322.00
2019,3,OH,PSA Airlines Inc.,RDU,"Raleigh/Durham, NC: Raleigh-Durham International",160.00,43.00,12.53,1.29,7.42,0.63,21.14,1.00,0.00,2941.00,635.00,90.00,233.00,20.00,1963.00
2019,3,OO,SkyWest Airlines Inc.,RDU,"Raleigh/Durham, NC: Raleigh-Durham International",145.00,18.00,6.88,2.13,2.28,0.90,5.81,2.00,0.00,1091.00,467.00,117.00,86.00,52.00,369.00
2019,2,9E,Endeavor Air Inc.,RDU,"Raleigh/Durham, NC: Raleigh-Durham International",348.00,76.00,14.08,2.23,19.78,0.00,39.91,7.00,0.00,5875.00,1167.00,113.00,1179.00,0.00,3416.00
2019,2,AA,American Airlines Network,RDU,"Raleigh/Durham, NC: Raleigh-Durham International",700.00,141.00,46.83,3.87,37.46,0.00,52.84,3.00,1.00,7225.00,2715.00,194.00,1302.00,0.00,3014.00
2019,2,AS,Alaska Airlines Network,RDU,"Raleigh/Durham, NC: Raleigh-Durham International",56.00,24.00,2.03,0.66,18.39,0.00,2.92,1.00,0.00,1073.00,106.00,88.00,787.00,0.00,92.00
2019,2,AX,Trans States Airlines,RDU,"Raleigh/Durham, NC: Raleigh-Durham International",2.00,1.00,0.21,0.00,0.00,0.00,0.79,0.00,0.00,38.00,8.00,0.00,0.00,0.00,30.00
2019,2,B6,JetBlue Airways,RDU,"Raleigh/Durham, NC: Raleigh-Durham International",236.00,81.00,37.16,2.34,18.41,0.00,23.09,2.00,0.00,5879.00,2671.00,162.00,1067.00,0.00,1979.00
2019,2,DL,Delta Air Lines Network,RDU,"Raleigh/Durham, NC: Raleigh-Durham International",639.00,86.00,26.79,8.26,21.82,0.00,29.13,0.00,0.00,7108.00,1282.00,1972.00,865.00,0.00,2989.00
2019,2,EV,ExpressJet Airlines Inc.,RDU,"Raleigh/Durham, NC: Raleigh-Durham International",4.00,0.00,0.00,0.00,0.00,0.00,0.00,0.00,0.00,0.00,0.00,0.00,0.00,0.00,0.00
2019,2,F9,Frontier Airlines,RDU,"Raleigh/Durham, NC: Raleigh-Durham International",146.00,17.00,7.06,0.00,2.35,0.00,7.59,1.00,0.00,819.00,325.00,0.00,118.00,0.00,376.00
2019,2,G4,Allegiant Air,RDU,"Raleigh/Durham, NC: Raleigh-Durham International",39.00,8.00,1.37,0.00,2.79,0.00,3.84,0.00,1.00,194.00,46.00,0.00,58.00,0.00,90.00
2019,2,G7,GoJet Airlines LLC d/b/a United Express,RDU,"Raleigh/Durham, NC: Raleigh-Durham International",461.00,124.00,19.55,2.31,25.43,0.00,76.71,8.00,1.00,10858.00,1505.00,163.00,1136.00,0.00,8054.00
2019,2,MQ,Envoy Air,RDU,"Raleigh/Durham, NC: Raleigh-Durham International",257.00,71.00,11.28,1.74,25.97,0.00,32.01,5.00,0.00,4569.00,856.00,355.00,958.00,0.00,2400.00
2019,2,OH,PSA Airlines Inc.,RDU,"Raleigh/Durham, NC: Raleigh-Durham International",144.00,41.00,8.79,0.85,9.47,0.00,21.89,6.00,0.00,3871.00,676.00,130.00,412.00,0.00,2653.00
2019,2,OO,SkyWest Airlines Inc.,RDU,"Raleigh/Durham, NC: Raleigh-Durham International",85.00,14.00,0.24,1.48,5.87,0.00,6.41,4.00,0.00,1085.00,11.00,67.00,292.00,0.00,715.00
2019,2,UA,United Air Lines Network,RDU,"Raleigh/Durham, NC: Raleigh-Durham International",291.00,54.00,18.58,1.71,12.56,0.00,21.15,0.00,0.00,3898.00,1020.00,365.00,575.00,0.00,1938.00
2019,2,WN,Southwest Airlines,RDU,"Raleigh/Durham, NC: Raleigh-Durham International",750.00,172.00,73.19,5.14,17.29,0.00,76.39,18.00,0.00,8868.00,4079.00,486.00,610.00,0.00,3693.00
2019,2,YV,Mesa Airlines Inc.,RDU,"Raleigh/Durham, NC: Raleigh-Durham International",73.00,20.00,11.00,1.00,6.00,0.00,2.00,1.00,0.00,1095.00,511.00,34.00,164.00,0.00,386.00
2019,2,YX,Republic Airline,RDU,"Raleigh/Durham, NC: Raleigh-Durham International",580.00,98.00,17.88,6.68,39.88,0.08,33.49,25.00,1.00,6922.00,1256.00,905.00,2207.00,9.00,2545.00
2019,1,AS,Alaska Airlines Network,RDU,"Raleigh/Durham, NC: Raleigh-Durham International",62.00,16.00,1.79,0.00,13.26,0.00,0.95,0.00,0.00,752.00,75.00,0.00,638.00,0.00,39.00
2019,1,B6,JetBlue Airways,RDU,"Raleigh/Durham, NC: Raleigh-Durham International",275.00,85.00,36.13,1.75,18.72,1.00,27.40,14.00,0.00,6756.00,2885.00,360.00,824.00,19.00,2668.00
2019,1,DL,Delta Air Lines Network,RDU,"Raleigh/Durham, NC: Raleigh-Durham International",668.00,65.00,18.17,6.02,22.82,0.00,17.99,1.00,0.00,4243.00,1112.00,527.00,877.00,0.00,1727.00
2019,1,EV,ExpressJet Airlines Inc.,RDU,"Raleigh/Durham, NC: Raleigh-Durham International",6.00,0.00,0.00,0.00,0.00,0.00,0.00,1.00,0.00,0.00,0.00,0.00,0.00,0.00,0.00
2019,1,F9,Frontier Airlines,RDU,"Raleigh/Durham, NC: Raleigh-Durham International",167.00,34.00,8.15,0.92,9.31,0.00,15.62,0.00,0.00,2116.00,388.00,22.00,291.00,0.00,1415.00
2019,1,G4,Allegiant Air,RDU,"Raleigh/Durham, NC: Raleigh-Durham International",46.00,11.00,1.80,0.00,5.04,0.00,4.16,0.00,0.00,425.00,42.00,0.00,148.00,0.00,235.00
2019,1,G7,GoJet Airlines LLC d/b/a United Express,RDU,"Raleigh/Durham, NC: Raleigh-Durham International",484.00,110.00,20.98,3.49,23.34,0.00,62.19,16.00,0.00,11202.00,2209.00,335.00,1172.00,0.00,7486.00
2019,1,MQ,Envoy Air,RDU,"Raleigh/Durham, NC: Raleigh-Durham International",252.00,78.00,14.11,0.00,26.25,0.13,37.50,6.00,0.00,4495.00,755.00,0.00,990.00,10.00,2740.00
2019,1,OH,PSA Airlines Inc.,RDU,"Raleigh/Durham, NC: Raleigh-Durham International",167.00,41.00,12.89,2.25,5.99,0.00,19.88,6.00,0.00,2892.00,864.00,92.00,165.00,0.00,1771.00
2019,1,OO,SkyWest Airlines Inc.,RDU,"Raleigh/Durham, NC: Raleigh-Durham International",72.00,13.00,2.72,0.10,4.51,0.00,5.67,1.00,0.00,936.00,128.00,5.00,149.00,0.00,654.00
2019,1,9E,Endeavor Air Inc.,RDU,"Raleigh/Durham, NC: Raleigh-Durham International",401.00,97.00,18.80,0.16,34.70,0.00,43.34,3.00,0.00,7227.00,2441.00,18.00,1480.00,0.00,3288.00
2019,1,AA,American Airlines Network,RDU,"Raleigh/Durham, NC: Raleigh-Durham International",735.00,113.00,44.73,4.68,29.60,0.35,33.64,11.00,0.00,4990.00,2157.00,179.00,844.00,6.00,1804.00
2019,1,UA,United Air Lines Network,RDU,"Raleigh/Durham, NC: Raleigh-Durham International",377.00,95.00,24.19,2.34,27.44,0.00,41.02,2.00,0.00,6523.00,1622.00,150.00,919.00,0.00,3832.00
2019,1,WN,Southwest Airlines,RDU,"Raleigh/Durham, NC: Raleigh-Durham International",871.00,138.00,50.67,3.58,24.59,0.50,58.65,22.00,0.00,5526.00,1889.00,222.00,934.00,14.00,2467.00
2019,1,YV,Mesa Airlines Inc.,RDU,"Raleigh/Durham, NC: Raleigh-Durham International",60.00,6.00,2.00,0.00,2.00,0.00,2.00,3.00,0.00,274.00,85.00,0.00,50.00,0.00,139.00
2019,1,YX,Republic Airline,RDU,"Raleigh/Durham, NC: Raleigh-Durham International",607.00,126.00,27.53,1.15,41.76,0.00,55.57,20.00,1.00,9072.00,2336.00,65.00,1715.00,0.00,4956.00
